{
    "best_miou": 0.029987086362169308,
    "best_config": {
        "lr": 0.001,
        "batch_size": 8,
        "optimizer": "adam",
        "resize": 256,
        "augmentations": [
            "HorizontalFlip",
            "RandomRotate90"
        ],
        "num_workers": 0
    },
    "best_history": {
        "train_loss": [
            1.2588344905111524,
            1.0003191153208415,
            0.9088569075972945,
            0.840529719988505,
            0.8527149264459257,
            0.7854429280316388,
            0.7222598912539305,
            0.7222928104577241,
            0.6962472730212741,
            0.6673479159673055,
            0.6745139815189221,
            0.6450451623510431,
            0.6259650415844388,
            0.6057755549748739,
            0.593174343197434,
            0.592279393363882,
            0.5764133656466449,
            0.5738211463998866,
            0.6020518647299873,
            0.7482127434677548
        ],
        "val_loss": [
            2.760853902498881,
            3.8362727801005048,
            2.5531329552332562,
            2.5686325351397197,
            2.7150195042292276,
            2.323010516166687,
            3.3361409743626913,
            2.8685244719187417,
            3.202669342358907,
            3.924290649096171,
            2.623175350824992,
            4.189608438809713,
            3.0852686007817587,
            3.901462785402934,
            3.369403060277303,
            3.650948878129323,
            4.807770371437073,
            3.2114792505900067,
            3.415952690442403,
            11.461376106739044
        ],
        "val_miou": [
            0.13969070609314238,
            0.17226405448970308,
            0.27323793655261425,
            0.24605415553124657,
            0.14690306892414898,
            0.2253840522981376,
            0.14381342457825116,
            0.1717924179468638,
            0.15422341957267557,
            0.16873182012717314,
            0.18101749688995325,
            0.14316411206951105,
            0.173199696753807,
            0.16222763945557728,
            0.15676222394361092,
            0.15392956461987597,
            0.15769160723145,
            0.2307011002283811,
            0.21479726189943535,
            0.029987086362169308
        ]
    },
    "all_trials": [
        {
            "config": {
                "lr": 0.001,
                "batch_size": 8,
                "optimizer": "adam",
                "resize": 256,
                "augmentations": [
                    "HorizontalFlip",
                    "RandomRotate90"
                ],
                "num_workers": 0
            },
            "history": {
                "train_loss": [
                    1.2588344905111524,
                    1.0003191153208415,
                    0.9088569075972945,
                    0.840529719988505,
                    0.8527149264459257,
                    0.7854429280316388,
                    0.7222598912539305,
                    0.7222928104577241,
                    0.6962472730212741,
                    0.6673479159673055,
                    0.6745139815189221,
                    0.6450451623510431,
                    0.6259650415844388,
                    0.6057755549748739,
                    0.593174343197434,
                    0.592279393363882,
                    0.5764133656466449,
                    0.5738211463998866,
                    0.6020518647299873,
                    0.7482127434677548
                ],
                "val_loss": [
                    2.760853902498881,
                    3.8362727801005048,
                    2.5531329552332562,
                    2.5686325351397197,
                    2.7150195042292276,
                    2.323010516166687,
                    3.3361409743626913,
                    2.8685244719187417,
                    3.202669342358907,
                    3.924290649096171,
                    2.623175350824992,
                    4.189608438809713,
                    3.0852686007817587,
                    3.901462785402934,
                    3.369403060277303,
                    3.650948878129323,
                    4.807770371437073,
                    3.2114792505900067,
                    3.415952690442403,
                    11.461376106739044
                ],
                "val_miou": [
                    0.13969070609314238,
                    0.17226405448970308,
                    0.27323793655261425,
                    0.24605415553124657,
                    0.14690306892414898,
                    0.2253840522981376,
                    0.14381342457825116,
                    0.1717924179468638,
                    0.15422341957267557,
                    0.16873182012717314,
                    0.18101749688995325,
                    0.14316411206951105,
                    0.173199696753807,
                    0.16222763945557728,
                    0.15676222394361092,
                    0.15392956461987597,
                    0.15769160723145,
                    0.2307011002283811,
                    0.21479726189943535,
                    0.029987086362169308
                ]
            },
            "final_miou": 0.029987086362169308
        }
    ]
}