{
  "best_miou": 0.3960328855762113,
  "best_config": {
    "lr": 0.001,
    "weight_decay": 0,
    "optimizer": "adam",
    "id": "trial_1"
  },
  "trials": [
    {
      "combination": {
        "lr": 0.001,
        "weight_decay": 0,
        "optimizer": "adam",
        "id": "trial_1"
      },
      "best_miou": 0.4351341135329255,
      "final_miou": 0.3960328855762113,
      "val_miou": [
        0.312587893328284,
        0.22690977253421468,
        0.4351341135329255,
        0.28749745789962716,
        0.3656235994641302,
        0.32685515278975497,
        0.39496776464933864,
        0.3563771901170948,
        0.4036343796554574,
        0.40062084794484526,
        0.39759225788302544,
        0.4072271956636193,
        0.4050512996986505,
        0.3938837510921317,
        0.40031395258460395,
        0.3985059603034305,
        0.4028306850684336,
        0.40465154178982143,
        0.39407428894814023,
        0.3931052835185775,
        0.39020266676192306,
        0.39418652625439987,
        0.38920082285298757,
        0.39764968041778465,
        0.3960328855762113
      ],
      "train_loss": [
        1.2511099996390167,
        1.0691903774385099,
        0.9499047582900083,
        0.941807374910072,
        0.9014368026344864,
        0.8871391481823392,
        0.7912317008883865,
        0.7377223187022739,
        0.7213335984283024,
        0.7266997685035069,
        0.7155858061931751,
        0.7104557476109928,
        0.7221498282971206,
        0.7223058230347104,
        0.7097060326072905,
        0.7157725668615765,
        0.7162488961109409,
        0.7016814115974638,
        0.6905242876874076,
        0.7072597539535275,
        0.7191259742886932,
        0.7079428967502382,
        0.7118328028255039,
        0.7116647756761975,
        0.7236968945573877
      ],
      "val_loss": [
        0.9946528211236,
        1.5122051881005367,
        0.9460260663181543,
        1.3141514860093593,
        1.4831493493169545,
        1.3490231109162172,
        1.0976818350454172,
        1.2589304807285469,
        1.0792704338828722,
        1.0879993403951327,
        1.1008955975373587,
        1.07492971457541,
        1.0832842700183392,
        1.1275615848600864,
        1.1066880874335765,
        1.1012082029134036,
        1.0938360080122949,
        1.103061349193255,
        1.1225201658904553,
        1.1070758576194446,
        1.1290155120193959,
        1.1297949717690547,
        1.133453344553709,
        1.12015145731469,
        1.1254835768292348
      ],
      "val_iou": [
        [
          0.016550140770209863,
          0.3982266414553904,
          0.11411108089048826,
          0.34815459528229437,
          0.6858970082430371
        ],
        [
          0.14060443947237486,
          0.3669918958801561,
          0.1420409581789355,
          0.011646291214768331,
          0.4732652779248386
        ],
        [
          0.1777917194639238,
          0.43925729185795287,
          0.40198254265613204,
          0.5195505353721191,
          0.6370884783144993
        ],
        [
          0.1435621096108766,
          0.45002595077090346,
          0.036130018241894206,
          0.39494026289891443,
          0.4128289479755472
        ],
        [
          0.22673306386279476,
          0.1319811654455117,
          0.4466046303580551,
          0.4747333261544723,
          0.5480658114998171
        ],
        [
          0.18150544756905362,
          0.17701133014541515,
          0.43413474600374846,
          0.3462661749554718,
          0.4953580652750858
        ],
        [
          0.20724561159489674,
          0.3055373012688835,
          0.3388217485526156,
          0.480338393377675,
          0.6428957684526223
        ],
        [
          0.21309176437917446,
          0.227270124706136,
          0.3172603604290616,
          0.4989038221243293,
          0.5253598789467723
        ],
        [
          0.21148411659897248,
          0.3681842106374996,
          0.31728285168882003,
          0.5150722273508993,
          0.6061484920010953
        ],
        [
          0.20727272761518653,
          0.3743707506701713,
          0.3141593267461634,
          0.5217021089009471,
          0.5855993257917577
        ],
        [
          0.21107795339018304,
          0.3785103480003177,
          0.31439504635873955,
          0.5260805446853949,
          0.557897396980492
        ],
        [
          0.20760086961393698,
          0.39320565818468955,
          0.32083849211626303,
          0.5241988392009956,
          0.5902921192022116
        ],
        [
          0.20926310532578715,
          0.38948042985310066,
          0.32019098613571395,
          0.5211703174164513,
          0.5851516597621998
        ],
        [
          0.20827705923569334,
          0.36280058889777195,
          0.3168198965513838,
          0.516309546013141,
          0.5652116647626684
        ],
        [
          0.20879424422158202,
          0.3666355828179865,
          0.3238202422874546,
          0.5149095794267469,
          0.5874101141692496
        ],
        [
          0.2078923890283164,
          0.36923053160353797,
          0.321043934827164,
          0.5155095652737802,
          0.5788533807843538
        ],
        [
          0.2100127580383533,
          0.3686748425012412,
          0.3277240603313447,
          0.5208302111084089,
          0.58691155336282
        ],
        [
          0.20922211020800616,
          0.38698084582993036,
          0.32559223917781877,
          0.5260592330017059,
          0.575403280731646
        ],
        [
          0.20974811671650445,
          0.34698764649753394,
          0.3227365140859678,
          0.5174598247242042,
          0.5734393427164908
        ],
        [
          0.2088985192440755,
          0.3530714804108906,
          0.3197338261919748,
          0.5130323467913203,
          0.5707902449546262
        ],
        [
          0.2092082091100608,
          0.3542555103963715,
          0.314418814371528,
          0.5188288227238484,
          0.5543019772078064
        ],
        [
          0.20747415643523845,
          0.349855725387905,
          0.32396355926716236,
          0.5112295468942862,
          0.5784096432874073
        ],
        [
          0.2099032367685488,
          0.33596309184015405,
          0.32210195494966815,
          0.509098769598022,
          0.5689370611085447
        ],
        [
          0.20683896546667108,
          0.3806524156531322,
          0.31824417101823227,
          0.5218282763461497,
          0.5606845736047381
        ],
        [
          0.2096003207288511,
          0.36673962704043306,
          0.3186555972786911,
          0.5203692668814119,
          0.5647996159516695
        ]
      ]
    }
  ]
}