{
  "best_miou": 0.3494877968179912,
  "best_config": {
    "lr": 0.001,
    "weight_decay": 0,
    "optimizer": "adam",
    "id": "trial_1"
  },
  "trials": [
    {
      "combination": {
        "lr": 0.001,
        "weight_decay": 0,
        "optimizer": "adam",
        "id": "trial_1"
      },
      "best_miou": 0.46006458954716345,
      "final_miou": 0.3494877968179912,
      "val_miou": [
        0.46006458954716345,
        0.4286409112027398,
        0.38280891347122864,
        0.27389435449245664,
        0.33091154653744204,
        0.3434065772765654,
        0.3534143033282162,
        0.3511290223480305,
        0.35146515204280915,
        0.35087021431150966,
        0.3463789215685104,
        0.3471476465434364,
        0.3512137152452187,
        0.34785331632914984,
        0.34888784682470547,
        0.3521113985790126,
        0.34844896369284406,
        0.34091162710104583,
        0.3509062115225435,
        0.34426387889721854,
        0.34889547931438936,
        0.34941905305539667,
        0.34897728961310326,
        0.3492083220870154,
        0.3547676161490549,
        0.34469666424725204,
        0.34577690770516545,
        0.3476969634845241,
        0.34898351645110814,
        0.3494877968179912
      ],
      "train_loss": [
        1.1003842971943043,
        0.8975673980183072,
        0.8330474842477728,
        0.8358578829853623,
        0.7405151100070388,
        0.7040389751946484,
        0.6961176642665157,
        0.6774086910265463,
        0.6759722451368968,
        0.6665301091141171,
        0.6787758908889912,
        0.6687958110261847,
        0.6643635405434503,
        0.6585274184191668,
        0.6663971532274175,
        0.6635999970965916,
        0.6783214288729208,
        0.6682647349657835,
        0.6663410473752904,
        0.6803242043212608,
        0.6694500912118841,
        0.6637129227320353,
        0.6728821491753614,
        0.6797643352437902,
        0.6696700074054577,
        0.6655505319436391,
        0.6662741477842684,
        0.6618838842268343,
        0.6807467646068996,
        0.6777366940621976
      ],
      "val_loss": [
        1.0431949044267337,
        1.0569454828898113,
        1.0728403483827909,
        1.5908179194976886,
        1.4332316458846133,
        1.3007257722318173,
        1.4055674063041805,
        1.3567791684220234,
        1.3186927085121474,
        1.3130542224893966,
        1.338820126031836,
        1.330663817251722,
        1.2913836049536864,
        1.337597038472692,
        1.342351238677899,
        1.3323384465028842,
        1.3446409941961368,
        1.3974846636255582,
        1.3138337017347415,
        1.375789745648702,
        1.3252185337245463,
        1.3423588029419382,
        1.3440970472991467,
        1.3338671124229828,
        1.311767626926303,
        1.3585209651539722,
        1.3489752853910129,
        1.3553897194564342,
        1.337741702174147,
        1.3445528005560239
      ],
      "val_iou": [
        [
          0.19020604099988123,
          0.5291704188775994,
          0.3859261295324219,
          0.5452102922869149,
          0.6498100660389997
        ],
        [
          0.15631796549664276,
          0.37484070023298116,
          0.41741617112057106,
          0.466469993796849,
          0.728159725366655
        ],
        [
          0.18061676017839842,
          0.30510127218195676,
          0.3193002685211152,
          0.3865332140039024,
          0.7224930524707704
        ],
        [
          0.17379103302787616,
          0.3636932719411644,
          0.14955439117089597,
          0.4601818938490062,
          0.22225118247334033
        ],
        [
          0.20085361862723877,
          0.22532996605373282,
          0.2530591242623029,
          0.4882359504173643,
          0.48707907332657135
        ],
        [
          0.199039954333038,
          0.27228096389718476,
          0.26486254678906135,
          0.5096300524801336,
          0.4712193688834091
        ],
        [
          0.20440018066507257,
          0.1875606571732792,
          0.30684725206052316,
          0.4933358195706466,
          0.5749276071715598
        ],
        [
          0.2082628038719871,
          0.21849326629926968,
          0.29701849828480675,
          0.5002955284200287,
          0.5315750148640602
        ],
        [
          0.2095018487829208,
          0.24874166182420154,
          0.2895153709243509,
          0.5116752319754326,
          0.49789164670713987
        ],
        [
          0.20936093225137142,
          0.269246964321853,
          0.2815316980266372,
          0.5164557013992073,
          0.4777557755584793
        ],
        [
          0.2104434719091157,
          0.24297906657925733,
          0.28564601032978765,
          0.5101241878979292,
          0.4827018711264624
        ],
        [
          0.20902825554887006,
          0.2605499214495371,
          0.28267444838460204,
          0.5145014179687698,
          0.4689841893654031
        ],
        [
          0.20838992477661772,
          0.2690577276434692,
          0.2826247813173154,
          0.5152866857299899,
          0.4807094567587013
        ],
        [
          0.21105212706744392,
          0.2511169259734557,
          0.2860115828806076,
          0.513166619019142,
          0.47791932670509973
        ],
        [
          0.2103291419758574,
          0.255328601465685,
          0.28491054342882727,
          0.5128601909407892,
          0.48101075631236845
        ],
        [
          0.21007752909993707,
          0.2536481723554325,
          0.28818864512316367,
          0.5139882881794835,
          0.49465435813704606
        ],
        [
          0.211060760930176,
          0.2586060725165358,
          0.28300677021227383,
          0.5153301781728595,
          0.47424103663237516
        ],
        [
          0.21041286871355194,
          0.23273995385877772,
          0.28483109183674415,
          0.510317222405068,
          0.46625699869108717
        ],
        [
          0.2086586591957537,
          0.2635100081341726,
          0.28191114135612866,
          0.5131958791722958,
          0.4872553697543664
        ],
        [
          0.21019031833423593,
          0.24481641334423307,
          0.28630947369040505,
          0.5130727500879637,
          0.4669304390292551
        ],
        [
          0.20891312618461627,
          0.26119582310714495,
          0.28315762776786285,
          0.513438435252566,
          0.47777238425975654
        ],
        [
          0.21038054832235653,
          0.25296219567182004,
          0.2877451963454415,
          0.5134686818343428,
          0.4825386431030226
        ],
        [
          0.20984003164587195,
          0.2529714914177567,
          0.2872683280330624,
          0.5141834852590209,
          0.48062311170980465
        ],
        [
          0.21018237668773634,
          0.24945168498221326,
          0.28941600087681096,
          0.5131201419403298,
          0.4838714059479867
        ],
        [
          0.20891511249332945,
          0.2641620070182513,
          0.2881520137876889,
          0.5161262844247461,
          0.4964826630212586
        ],
        [
          0.21001335496698173,
          0.24414366519714542,
          0.2844927832451783,
          0.5104830225100758,
          0.474350495316879
        ],
        [
          0.21000302927076622,
          0.25028736536682805,
          0.2822898080112205,
          0.5106920691125685,
          0.47561226676444424
        ],
        [
