{
  "best_miou": 0.35059873668662067,
  "best_config": {
    "lr": 0.001,
    "weight_decay": 0,
    "optimizer": "adam",
    "id": "trial_1"
  },
  "trials": [
    {
      "combination": {
        "lr": 0.001,
        "weight_decay": 0,
        "optimizer": "adam",
        "id": "trial_1"
      },
      "best_miou": 0.40497289187905927,
      "final_miou": 0.35059873668662067,
      "val_miou": [
        0.275014814016647,
        0.40497289187905927,
        0.27675512186829276,
        0.3378654623423845,
        0.32273906016311427,
        0.3759459801074828,
        0.35580862529048557,
        0.3568747336594142,
        0.3469237570876313,
        0.3503959726819824,
        0.3506996843254644,
        0.34179417938638235,
        0.3444310291493076,
        0.3579459774103265,
        0.34773551649759205,
        0.35297921594340503,
        0.35032031553845855,
        0.3457177098822597,
        0.35269398458739776,
        0.35059873668662067
      ],
      "train_loss": [
        1.0413879103130765,
        0.8920732021331788,
        0.816644913289282,
        0.7959631746565854,
        0.7703370126309218,
        0.7031162363511545,
        0.6690086350396828,
        0.6599079605605868,
        0.6437295705080033,
        0.6468289705338301,
        0.648937635841193,
        0.6514490786525938,
        0.6378029005395042,
        0.6418666661889465,
        0.6372411786406128,
        0.641551364351202,
        0.6329576270447836,
        0.6385371148586273,
        0.6523971969330752,
        0.6403119057416916
      ],
      "val_loss": [
        1.7307755420605342,
        1.0887101719776788,
        1.5390047285705806,
        1.3127311694125334,
        1.4150840933124225,
        1.1652784417072932,
        1.18539881631732,
        1.1486398662130037,
        1.2057322638730208,
        1.1857548537353675,
        1.1860299731294315,
        1.2430911593139171,
        1.2335867648323378,
        1.1839783035218716,
        1.1882536349197228,
        1.1860856292148432,
        1.1981296412646771,
        1.2224322545031707,
        1.1836701336006323,
        1.2045521900057792
      ],
      "val_iou": [
        [
          0.0081509546717088,
          0.13250032115174254,
          0.27260643356899666,
          0.4491998507054471,
          0.51261650998534
        ],
        [
          0.05802842413707895,
          0.39316954857692726,
          0.3840944942886752,
          0.538933116368883,
          0.6506388760237319
        ],
        [
          0.1387638045929503,
          0.21175749638147448,
          0.3413347637634708,
          0.4648522887295024,
          0.22706725587406587
        ],
        [
          0.1904874914573104,
          0.47472622261730446,
          0.29224759278945106,
          0.48520542066447236,
          0.2466605841833843
        ],
        [
          0.05573617372873744,
          0.25937040542474454,
          0.26309131380136075,
          0.49803925870751353,
          0.537458149153215
        ],
        [
          0.1602385841798381,
          0.3614870534011992,
          0.2914509081523345,
          0.5426118607036765,
          0.5239414941003657
        ],
        [
          0.15912529172829215,
          0.31429446231063224,
          0.2670534497212349,
          0.5348589862105073,
          0.5037109364817612
        ],
        [
          0.16235209994029765,
          0.3172325987838795,
          0.2741035099428006,
          0.5392361172369817,
          0.49144934239311155
        ],
        [
          0.1644668364036962,
          0.3346929791873597,
          0.2647705186904864,
          0.552943512186491,
          0.4177449389701234
        ],
        [
          0.15764913320717144,
          0.34921963442575094,
          0.26955184178681685,
          0.5616116571179974,
          0.41394759687217547
        ],
        [
          0.16339754689149041,
          0.3507933768580246,
          0.2660520309429706,
          0.5556744932956055,
          0.4175809736392308
        ],
        [
          0.17101427602113448,
          0.33350564647766134,
          0.2561723235629061,
          0.5453228065534907,
          0.40295584431671916
        ],
        [
          0.16941685194632577,
          0.3299864775115359,
          0.26156855801998274,
          0.5472968005611524,
          0.41388645770754123
        ],
        [
          0.17107595313260773,
          0.3428010524105422,
          0.27350821471726944,
          0.5524425592954524,
          0.4499021074957608
        ],
        [
          0.15300135008316154,
          0.3472932002397837,
          0.26640364833156793,
          0.5593819340285386,
          0.4125974498049082
        ],
        [
          0.17140769706693743,
          0.34981738068260465,
          0.2623947764269166,
          0.554735754973652,
          0.42654047056691446
        ],
        [
          0.1607186796869746,
          0.33706026066613953,
          0.26681477460791464,
          0.5540425553670917,
          0.4329653073641722
        ],
        [
          0.15720124035504654,
          0.33128609604756204,
          0.26814854992081744,
          0.5548042726688807,
          0.41714839041899193
        ],
        [
          0.1560757847951193,
          0.3416681014761091,
          0.27005785815654454,
          0.5570707758404031,
          0.43859740266881275
        ],
        [
          0.16339908587923982,
          0.3439179046183589,
          0.26324637584713245,
          0.552835740500991,
          0.4295945765873809
        ]
      ]
    }
  ]
}