{
  "best_miou": 0.31162780614251695,
  "best_config": {
    "lr": 0.001,
    "weight_decay": 0,
    "optimizer": "adam",
    "id": "trial_1"
  },
  "trials": [
    {
      "combination": {
        "lr": 0.001,
        "weight_decay": 0,
        "optimizer": "adam",
        "id": "trial_1"
      },
      "best_miou": 0.43118902576282103,
      "final_miou": 0.31162780614251695,
      "val_miou": [
        0.3528361731633668,
        0.3881328509024724,
        0.41176896537975904,
        0.43118902576282103,
        0.25527790258192096,
        0.35932429739354727,
        0.3672473827243229,
        0.3166570204731939,
        0.3088041996700272,
        0.30564754631984126,
        0.3117544253237412,
        0.31343550494633443,
        0.3157734035041654,
        0.31301648732771103,
        0.3139389151582867,
        0.3088148140701136,
        0.309685230659586,
        0.30936205992871024,
        0.3068196122231961,
        0.3162663022129245,
        0.3097592020262557,
        0.3078080714339987,
        0.3106659052575518,
        0.3127661026135679,
        0.31162780614251695
      ],
      "train_loss": [
        1.1464830464786953,
        0.9086461608056668,
        0.8361484180997919,
        0.8065981948817218,
        0.7129937213880044,
        0.6700928990487699,
        0.6880195044808918,
        0.6409559635100541,
        0.6217862667860808,
        0.5808295088785665,
        0.5654995147828703,
        0.5619615396415746,
        0.5668590991033449,
        0.5664217963262841,
        0.5580495652225282,
        0.5626365882930933,
        0.5612324682098848,
        0.5630667282475366,
        0.5685290044656506,
        0.5657062669595082,
        0.5754461312735523,
        0.5652110670451764,
        0.559592048327128,
        0.5758576431760082,
        0.5686761738525496
      ],
      "val_loss": [
        1.1106014759590228,
        0.8930163916821281,
        1.0504823406537374,
        1.0897851284593343,
        1.543267691632112,
        1.218946708428363,
        1.27009422108531,
        1.8068550392985343,
        1.6802914621929328,
        1.776502920438846,
        1.7869269626835982,
        1.7461382028957209,
        1.7610034813483557,
        1.7024589071671168,
        1.7908736112217107,
        1.7658501957853636,
        1.7995561043421426,
        1.7443836995710928,
        1.7597786776721478,
        1.7408298293749491,
        1.7870015683273475,
        1.7452131959299246,
        1.7592495602866014,
        1.7720677288870017,
        1.7404377500216166
      ],
      "val_iou": [
        [
          0.17179189357380623,
          0.40300007330330656,
          0.08772902205217763,
          0.44331987703231757,
          0.6583399998552262
        ],
        [
          0.1827291201003061,
          0.4810259725502067,
          0.16935300771945477,
          0.41847508455842003,
          0.6890810695839744
        ],
        [
          0.20594277665295127,
          0.43458225667181977,
          0.3324865575982409,
          0.3982541405008469,
          0.6875790954749366
        ],
        [
          0.20661963477512543,
          0.3564323714810325,
          0.3997471722555726,
          0.5173276920069663,
          0.6758182582954085
        ],
        [
          0.19989716594135168,
          0.40858919855451564,
          0.03014937027373401,
          0.17970966826530405,
          0.4580441098746994
        ],
        [
          0.1892950904299449,
          0.2396513020443738,
          0.2590138867543664,
          0.4241539366624993,
          0.684507271076552
        ],
        [
          0.19946349030306432,
          0.3871257700860479,
          0.24627719213113652,
          0.4041661358947963,
          0.5992043252065694
        ],
        [
          0.2019094386574346,
          0.14254512258038293,
          0.3022811440045077,
          0.42667134950409785,
          0.5098780476195465
        ],
        [
          0.1966726835966374,
          0.17289943850674608,
          0.26231890984345746,
          0.43094045557075034,
          0.48118951083254485
        ],
        [
          0.19679593953980448,
          0.15349244757051678,
          0.2780470956034172,
          0.43140906210749547,
          0.4684931867779722
        ],
        [
          0.20291165352975998,
          0.14874614996705268,
          0.2854714497578873,
          0.43293589799580406,
          0.4887069753682021
        ],
        [
          0.20305722668528065,
          0.15443091326026476,
          0.28703420436771226,
          0.43609797615136736,
          0.48655720426704696
        ],
        [
          0.20257779968729817,
          0.1560552538371761,
          0.2916050023525024,
          0.4336236288643118,
          0.49500533277953823
        ],
        [
          0.19968948392244132,
          0.16803976765811415,
          0.27975127641536807,
          0.43220085996398866,
          0.48540104867864303
        ],
        [
          0.20243835115480713,
          0.15473954522135197,
          0.28316945119806886,
          0.4348823466377571,
          0.4944648815794486
        ],
        [
          0.20551703913851552,
          0.1550472445550015,
          0.2838792895617219,
          0.4353447168879517,
          0.4642857802073773
        ],
        [
          0.20615129796836199,
          0.1503863062397182,
          0.2900042167800291,
          0.4322771248009,
          0.4696072075089207
        ],
        [
          0.1995873618724934,
          0.16805429844084097,
          0.27699495909724897,
          0.43260596067310353,
          0.4695677195598644
        ],
        [
          0.20179968253927796,
          0.15879353275769595,
          0.2900760115825615,
          0.4304551024622473,
          0.45297373177419775
        ],
        [
          0.20651733508108647,
          0.1600255888749776,
          0.2877659639987191,
          0.43490181514929843,
          0.49212080796054103
        ],
        [
          0.20423869568550038,
          0.15361536675309007,
          0.2857826846564195,
          0.4387742217685884,
          0.4663850412676801
        ],
        [
          0.2001085971352702,
          0.1604401034081327,
          0.281009592473958,
          0.432264772438742,
          0.46521729171389065
        ],
        [
          0.20546707977390105,
          0.15449522844395097,
          0.2840990057735623,
          0.43803488611910635,
          0.47123332617723845
        ],
        [
          0.20304958730541134,
          0.15555014357203678,
          0.27960512461150555,
          0.43437821215795414,
          0.4912474454209317
        ],
        [
          0.200778792339938,
          0.1623902361674446,
          0.2852608240753022,
          0.4344489920777938,
          0.4752601860521059
        ]
      ]
    }
  ]
}