{
  "best_miou": 0.3901972341612604,
  "best_config": {
    "lr": 0.001,
    "weight_decay": 1e-05,
    "optimizer": "adam",
    "id": "trial_1"
  },
  "trials": [
    {
      "combination": {
        "lr": 0.001,
        "weight_decay": 1e-05,
        "optimizer": "adam",
        "id": "trial_1"
      },
      "best_miou": 0.4525863787337026,
      "final_miou": 0.3901972341612604,
      "val_miou": [
        0.3101194814525733,
        0.21247605068617012,
        0.24231574249539337,
        0.3493731364659042,
        0.2657155203702552,
        0.35415022719684525,
        0.3322312221581948,
        0.4525863787337026,
        0.3760353890114246,
        0.28942205977722063,
        0.3520210749223601,
        0.4075328067229525,
        0.39681687634796925,
        0.4012242339295934,
        0.33726468001588994,
        0.3825306879962135,
        0.3536756705687736,
        0.41483275258521796,
        0.41746858968818235,
        0.4249032529910336,
        0.3781412346055575,
        0.4148084997594875,
        0.4017675323342365,
        0.37375051197088227,
        0.3901972341612604
      ],
      "train_loss": [
        1.3525217285862676,
        1.2164458254973094,
        1.157921227702388,
        1.1795180428911138,
        1.0725644833511776,
        1.0172462637777682,
        1.0078985396358702,
        0.9680751883321338,
        0.9645714367981311,
        0.955917352548352,
        0.8857794862102579,
        0.8711658824373174,
        0.8969946122831769,
        0.8739021007661466,
        0.867387471265263,
        0.8482717238090657,
        0.8438285247043327,
        0.8243109244991231,
        0.8236789447289926,
        0.8263568301995595,
        0.8008629352406219,
        0.7976817819807265,
        0.7912101634122707,
        0.7923716413754004,
        0.7818807829861287
      ],
      "val_loss": [
        2.7789141232768695,
        1.3336753564576307,
        1.6222605608403682,
        0.8918474952379862,
        1.6014856621002158,
        0.8655266284942627,
        1.2043674321224291,
        0.9295321639627219,
        1.1001051696638267,
        1.634142555296421,
        1.0366743727897605,
        1.2597733356058598,
        1.1197617540756861,
        1.0291071386386952,
        1.1496850525339444,
        1.0855278998613358,
        1.2436499656488498,
        0.8693618295093377,
        1.0379401794324319,
        0.9857385631650686,
        1.092732237279415,
        0.9632241739581029,
        1.013399232303103,
        1.2017869430283705,
        1.1321452130874
      ],
      "val_iou": [
        [
          0.002164177300243275,
          0.405318295412201,
          0.014830772418846127,
          0.4596455110105511,
          0.6686386511210247
        ],
        [
          0.12220254522671915,
          0.25116577890365743,
          0.0014590389626876127,
          0.27651526949307864,
          0.41103762084470763
        ],
        [
          0.099713458056654,
          0.29858801617591485,
          0.2330203952178296,
          0.2725439388464422,
          0.30771290418012603
        ],
        [
          0.1741212870697891,
          0.4838669559947242,
          0.04404635919182544,
          0.43578644577572834,
          0.6090446342974541
        ],
        [
          0.028856702247708775,
          0.04341684094665672,
          0.3053396419232334,
          0.5097508534254448,
          0.44121356330823247
        ],
        [
          0.1983745666274874,
          0.483376650529788,
          0.1353126156303517,
          0.36733814593368497,
          0.5863491572629144
        ],
        [
          0.18094364127298082,
          0.4686959825994864,
          0.08503485918609871,
          0.5178933753582498,
          0.40858825237415813
        ],
        [
          0.20313641314196146,
          0.5407151269384594,
          0.4043004604188326,
          0.5271051059179468,
          0.5876747872513127
        ],
        [
          0.18375723923197537,
          0.5039869357072576,
          0.23637603667866305,
          0.5378905850247881,
          0.41816614841443867
        ],
        [
          0.15803605555030087,
          0.34262532966713194,
          0.31650840745950964,
          0.4800763028965952,
          0.1498642033125652
        ],
        [
          0.21103542858434862,
          0.5027611430363588,
          0.07388931199245573,
          0.5171978678840634,
          0.4552216231145742
        ],
        [
          0.20498491331136817,
          0.46692306673492434,
          0.38652240561118784,
          0.558349805050899,
          0.4208838429063831
        ],
        [
          0.21084985459436542,
          0.46712824116615626,
          0.3129285885185141,
          0.5435946949246996,
          0.4495830025361109
        ],
        [
          0.20107025492593714,
          0.4595686614812451,
          0.3078867575651297,
          0.47485050495293446,
          0.5627449907227207
        ],
        [
          0.19168504081336557,
          0.4303695368397257,
          0.23542004019746257,
          0.4300316667382365,
          0.39881711549065946
        ],
        [
          0.18804619979315632,
          0.3607634948713024,
          0.325977477102754,
          0.5223553323697152,
          0.5155109358441395
        ],
        [
          0.21721579510834899,
          0.46724605313622714,
          0.25743640904801257,
          0.539428735377399,
          0.2870513601738803
        ],
        [
          0.21710522738475882,
          0.5287173030447475,
          0.23480447823523606,
          0.5024726292124896,
          0.5910641250488577
        ],
        [
          0.22366025062764236,
          0.548602556144576,
          0.27295770915065437,
          0.5955051296960355,
          0.44661730282200324
        ],
        [
          0.21276834779611162,
          0.4924742975350658,
          0.34398064395237193,
          0.5291883222897735,
          0.5461046533818448
        ],
        [
          0.20786444061638742,
          0.4331629940588159,
          0.26940802883069515,
          0.518488382030969,
          0.46178232749091974
        ],
        [
          0.20055625930634283,
          0.4937678007740413,
          0.37029157070440427,
          0.44657947626500716,
          0.5628473917476418
        ],
        [
          0.21620776974985517,
          0.48973782800896215,
          0.2889681132614485,
          0.5116939510329473,
          0.502229999617969
        ],
        [
          0.2157628739369592,
          0.4701173877308419,
          0.2621447669966109,
          0.5445843620164541,
          0.3761431691735455
        ],
        [
          0.20710936589054338,
          0.45174212211095555,
          0.3003070595785868,
          0.5562533555056772,
          0.435574267720539
        ]
      ]
    }
  ]
}